survived,pclass,sex,age,sibsp,parch,fare,embarked,class,who,adult_male,deck,embark_town,alive,alone
0,3,male,22.0,1,0,7.25,S,Third,man,True,,Southampton,no,False
1,1,female,38.0,1,0,71.2833,C,First,woman,False,C,Cherbourg,yes,False
1,3,female,26.0,0,0,7.925,S,Third,woman,False,,Southampton,yes,True
1,1,female,35.0,1,0,53.1,S,First,woman,False,C,Southampton,yes,False
0,3,male,35.0,0,0,8.05,S,Third,man,True,,Southampton,no,True
0,3,male,36.16185839972117,0,0,8.4583,Q,Third,man,True,,Queenstown,no,True
0,1,male,54.0,0,0,51.8625,S,First,man,True,E,Southampton,no,True
0,3,male,2.0,3,1,21.075,S,Third,child,False,,Southampton,no,False
1,3,female,27.0,0,2,11.1333,S,Third,woman,False,,Southampton,yes,False
1,2,female,14.0,1,0,30.0708,C,Second,child,False,,Cherbourg,yes,False
1,3,female,4.0,1,1,16.7,S,Third,child,False,G,Southampton,yes,False
1,1,female,58.0,0,0,26.55,S,First,woman,False,C,Southampton,yes,True
0,3,male,20.0,0,0,8.05,S,Third,man,True,,Southampton,no,True
0,3,male,39.0,1,5,31.275,S,Third,man,True,,Southampton,no,False
0,3,female,14.0,0,0,7.8542,S,Third,child,False,,Southampton,no,True
1,2,female,55.0,0,0,16.0,S,Second,woman,False,,Southampton,yes,True
0,3,male,2.0,4,1,29.125,Q,Third,child,False,,Queenstown,no,False
1,2,male,26.786979573730477,0,0,13.0,S,Second,man,True,,Southampton,yes,True
0,3,female,31.0,1,0,18.0,S,Third,woman,False,,Southampton,no,False
1,3,female,25.437005655716987,0,0,7.225,C,Third,woman,False,,Cherbourg,yes,True
0,2,male,35.0,0,0,26.0,S,Second,man,True,,Southampton,no,True
1,2,male,34.0,0,0,13.0,S,Second,man,True,D,Southampton,yes,True
1,3,female,15.0,0,0,8.0292,Q,Third,child,False,,Queenstown,yes,True
1,1,male,28.0,0,0,35.5,S,First,man,True,A,Southampton,yes,True
0,3,female,8.0,3,1,21.075,S,Third,child,False,,Southampton,no,False
1,3,female,38.0,1,5,31.3875,S,Third,woman,False,,Southampton,yes,False
0,3,male,25.437235340034846,0,0,7.225,C,Third,man,True,,Cherbourg,no,True
0,1,male,19.0,3,2,263.0,S,First,man,True,C,Southampton,no,False
1,3,female,53.956152824982325,0,0,7.8792,Q,Third,woman,False,,Queenstown,yes,True
0,3,male,40.3937711717702,0,0,7.8958,S,Third,man,True,,Southampton,no,True
0,1,male,40.0,0,0,27.7208,C,First,man,True,,Cherbourg,no,True
1,1,female,22.19562936165069,1,0,146.5208,C,First,woman,False,B,Cherbourg,yes,False
1,3,female,36.868501078760744,0,0,7.75,Q,Third,woman,False,,Queenstown,yes,True
0,2,male,66.0,0,0,10.5,S,Second,man,True,,Southampton,no,True
0,1,male,28.0,1,0,82.1708,C,First,man,True,,Cherbourg,no,False
0,1,male,42.0,1,0,52.0,S,First,man,True,,Southampton,no,False
1,3,male,32.30888280643056,0,0,7.2292,C,Third,man,True,,Cherbourg,yes,True
0,3,male,21.0,0,0,8.05,S,Third,man,True,,Southampton,no,True
0,3,female,18.0,2,0,18.0,S,Third,woman,False,,Southampton,no,False
1,3,female,14.0,1,0,11.2417,C,Third,child,False,,Cherbourg,yes,False
0,3,female,40.0,1,0,9.475,S,Third,woman,False,,Southampton,no,False
0,2,female,27.0,1,0,21.0,S,Second,woman,False,,Southampton,no,False
0,3,male,4.447998857827891,0,0,7.8958,C,Third,man,True,,Cherbourg,no,True
1,2,female,3.0,1,2,41.5792,C,Second,child,False,,Cherbourg,yes,False
1,3,female,19.0,0,0,7.8792,Q,Third,woman,False,,Queenstown,yes,True
0,3,male,15.09242321660738,0,0,8.05,S,Third,man,True,,Southampton,no,True
0,3,male,33.389532435783494,1,0,15.5,Q,Third,man,True,,Queenstown,no,False
1,3,female,51.97854284124145,0,0,7.75,Q,Third,woman,False,,Queenstown,yes,True
0,3,male,25.55426528959113,2,0,21.6792,C,Third,man,True,,Cherbourg,no,False
0,3,female,18.0,1,0,17.8,S,Third,woman,False,,Southampton,no,False
0,3,male,7.0,4,1,39.6875,S,Third,child,False,,Southampton,no,False
0,3,male,21.0,0,0,7.8,S,Third,man,True,,Southampton,no,True
1,1,female,49.0,1,0,76.7292,C,First,woman,False,D,Cherbourg,yes,False
1,2,female,29.0,1,0,26.0,S,Second,woman,False,,Southampton,yes,False
0,1,male,65.0,0,1,61.9792,C,First,man,True,B,Cherbourg,no,False
1,1,male,21.184975551850087,0,0,35.5,S,First,man,True,C,Southampton,yes,True
1,2,female,21.0,0,0,10.5,S,Second,woman,False,,Southampton,yes,True
0,3,male,28.5,0,0,7.2292,C,Third,man,True,,Cherbourg,no,True
1,2,female,5.0,1,2,27.75,S,Second,child,False,,Southampton,yes,False
0,3,male,11.0,5,2,46.9,S,Third,child,False,,Southampton,no,False
0,3,male,22.0,0,0,7.2292,C,Third,man,True,,Cherbourg,no,True
1,1,female,38.0,0,0,80.0,,First,woman,False,B,,yes,True
0,1,male,45.0,1,0,83.475,S,First,man,True,C,Southampton,no,False
0,3,male,4.0,3,2,27.9,S,Third,child,False,,Southampton,no,False
0,1,male,30.375147066184724,0,0,27.7208,C,First,man,True,,Cherbourg,no,True
1,3,male,20.432639398429018,1,1,15.2458,C,Third,man,True,,Cherbourg,yes,False
1,2,female,29.0,0,0,10.5,S,Second,woman,False,F,Southampton,yes,True
0,3,male,19.0,0,0,8.1583,S,Third,man,True,,Southampton,no,True
1,3,female,17.0,4,2,7.925,S,Third,woman,False,,Southampton,yes,False
0,3,male,26.0,2,0,8.6625,S,Third,man,True,,Southampton,no,False
0,2,male,32.0,0,0,10.5,S,Second,man,True,,Southampton,no,True
0,3,female,16.0,5,2,46.9,S,Third,woman,False,,Southampton,no,False
0,2,male,21.0,0,0,73.5,S,Second,man,True,,Southampton,no,True
0,3,male,26.0,1,0,14.4542,C,Third,man,True,,Cherbourg,no,False
1,3,male,32.0,0,0,56.4958,S,Third,man,True,,Southampton,yes,True
0,3,male,25.0,0,0,7.65,S,Third,man,True,F,Southampton,no,True
0,3,male,24.63506446450762,0,0,7.8958,S,Third,man,True,,Southampton,no,True
0,3,male,28.569053475280867,0,0,8.05,S,Third,man,True,,Southampton,no,True
1,2,male,0.83,0,2,29.0,S,Second,child,False,,Southampton,yes,False
1,3,female,30.0,0,0,12.475,S,Third,woman,False,,Southampton,yes,True
0,3,male,22.0,0,0,9.0,S,Third,man,True,,Southampton,no,True
1,3,male,29.0,0,0,9.5,S,Third,man,True,,Southampton,yes,True
1,3,female,14.52905943674314,0,0,7.7875,Q,Third,woman,False,,Queenstown,yes,True
0,1,male,28.0,0,0,47.1,S,First,man,True,,Southampton,no,True
1,2,female,17.0,0,0,10.5,S,Second,woman,False,,Southampton,yes,True
1,3,female,33.0,3,0,15.85,S,Third,woman,False,,Southampton,yes,False
0,3,male,16.0,1,3,34.375,S,Third,man,True,,Southampton,no,False
0,3,male,41.27281229773044,0,0,8.05,S,Third,man,True,,Southampton,no,True
1,1,female,23.0,3,2,263.0,S,First,woman,False,C,Southampton,yes,False
0,3,male,24.0,0,0,8.05,S,Third,man,True,,Southampton,no,True
0,3,male,29.0,0,0,8.05,S,Third,man,True,,Southampton,no,True
0,3,male,20.0,0,0,7.8542,S,Third,man,True,,Southampton,no,True
0,1,male,46.0,1,0,61.175,S,First,man,True,E,Southampton,no,False
0,3,male,26.0,1,2,20.575,S,Third,man,True,,Southampton,no,False
0,3,male,59.0,0,0,7.25,S,Third,man,True,,Southampton,no,True
0,3,male,12.510787049287622,0,0,8.05,S,Third,man,True,,Southampton,no,True
0,1,male,71.0,0,0,34.6542,C,First,man,True,A,Cherbourg,no,True
1,1,male,23.0,0,1,63.3583,C,First,man,True,D,Cherbourg,yes,False
1,2,female,34.0,0,1,23.0,S,Second,woman,False,,Southampton,yes,False
0,2,male,34.0,1,0,26.0,S,Second,man,True,,Southampton,no,False
0,3,female,28.0,0,0,7.8958,S,Third,woman,False,,Southampton,no,True
0,3,male,11.207794659897075,0,0,7.8958,S,Third,man,True,,Southampton,no,True
0,1,male,21.0,0,1,77.2875,S,First,man,True,D,Southampton,no,False
0,3,male,33.0,0,0,8.6542,S,Third,man,True,,Southampton,no,True
0,3,male,37.0,2,0,7.925,S,Third,man,True,,Southampton,no,False
0,3,male,28.0,0,0,7.8958,S,Third,man,True,,Southampton,no,True
1,3,female,21.0,0,0,7.65,S,Third,woman,False,,Southampton,yes,True
1,3,male,31.639663440941817,0,0,7.775,S,Third,man,True,,Southampton,yes,True
0,3,male,38.0,0,0,7.8958,S,Third,man,True,,Southampton,no,True
1,3,female,39.934104773027784,1,0,24.15,Q,Third,woman,False,,Queenstown,yes,False
0,1,male,47.0,0,0,52.0,S,First,man,True,C,Southampton,no,True
0,3,female,14.5,1,0,14.4542,C,Third,child,False,,Cherbourg,no,False
0,3,male,22.0,0,0,8.05,S,Third,man,True,,Southampton,no,True
0,3,female,20.0,1,0,9.825,S,Third,woman,False,,Southampton,no,False
0,3,female,17.0,0,0,14.4583,C,Third,woman,False,,Cherbourg,no,True
0,3,male,21.0,0,0,7.925,S,Third,man,True,,Southampton,no,True
0,3,male,70.5,0,0,7.75,Q,Third,man,True,,Queenstown,no,True
0,2,male,29.0,1,0,21.0,S,Second,man,True,,Southampton,no,False
0,1,male,24.0,0,1,247.5208,C,First,man,True,B,Cherbourg,no,False
0,3,female,2.0,4,2,31.275,S,Third,child,False,,Southampton,no,False
0,2,male,21.0,2,0,73.5,S,Second,man,True,,Southampton,no,False
0,3,male,31.26309907099818,0,0,8.05,S,Third,man,True,,Southampton,no,True
0,2,male,32.5,1,0,30.0708,C,Second,man,True,,Cherbourg,no,False
1,2,female,32.5,0,0,13.0,S,Second,woman,False,E,Southampton,yes,True
0,1,male,54.0,0,1,77.2875,S,First,man,True,D,Southampton,no,False
1,3,male,12.0,1,0,11.2417,C,Third,child,False,,Cherbourg,yes,False
0,3,male,27.10785999854589,0,0,7.75,Q,Third,man,True,,Queenstown,no,True
1,3,male,24.0,0,0,7.1417,S,Third,man,True,,Southampton,yes,True
1,3,female,24.50449674186123,1,1,22.3583,C,Third,woman,False,F,Cherbourg,yes,False
0,3,male,45.0,0,0,6.975,S,Third,man,True,,Southampton,no,True
0,3,male,33.0,0,0,7.8958,C,Third,man,True,,Cherbourg,no,True
0,3,male,20.0,0,0,7.05,S,Third,man,True,,Southampton,no,True
0,3,female,47.0,1,0,14.5,S,Third,woman,False,,Southampton,no,False
1,2,female,29.0,1,0,26.0,S,Second,woman,False,,Southampton,yes,False
0,2,male,25.0,0,0,13.0,S,Second,man,True,,Southampton,no,True
0,2,male,23.0,0,0,15.0458,C,Second,man,True,,Cherbourg,no,True
1,1,female,19.0,0,2,26.2833,S,First,woman,False,D,Southampton,yes,False
0,1,male,37.0,1,0,53.1,S,First,man,True,C,Southampton,no,False
0,3,male,16.0,0,0,9.2167,S,Third,man,True,,Southampton,no,True
0,1,male,24.0,0,0,79.2,C,First,man,True,B,Cherbourg,no,True
0,3,female,22.31550852689371,0,2,15.2458,C,Third,woman,False,,Cherbourg,no,False
1,3,female,22.0,0,0,7.75,S,Third,woman,False,,Southampton,yes,True
1,3,female,24.0,1,0,15.85,S,Third,woman,False,,Southampton,yes,False
0,3,male,19.0,0,0,6.75,Q,Third,man,True,,Queenstown,no,True
0,2,male,18.0,0,0,11.5,S,Second,man,True,,Southampton,no,True
0,2,male,19.0,1,1,36.75,S,Second,man,True,,Southampton,no,False
1,3,male,27.0,0,0,7.7958,S,Third,man,True,,Southampton,yes,True
0,3,female,9.0,2,2,34.375,S,Third,child,False,,Southampton,no,False
0,2,male,36.5,0,2,26.0,S,Second,man,True,F,Southampton,no,False
0,2,male,42.0,0,0,13.0,S,Second,man,True,,Southampton,no,True
0,2,male,51.0,0,0,12.525,S,Second,man,True,,Southampton,no,True
1,1,female,22.0,1,0,66.6,S,First,woman,False,C,Southampton,yes,False
0,3,male,55.5,0,0,8.05,S,Third,man,True,,Southampton,no,True
0,3,male,40.5,0,2,14.5,S,Third,man,True,,Southampton,no,False
0,3,male,45.08167595817679,0,0,7.3125,S,Third,man,True,,Southampton,no,True
0,1,male,51.0,0,1,61.3792,C,First,man,True,,Cherbourg,no,False
1,3,female,16.0,0,0,7.7333,Q,Third,woman,False,,Queenstown,yes,True
0,3,male,30.0,0,0,8.05,S,Third,man,True,,Southampton,no,True
0,3,male,33.53735863197366,0,0,8.6625,S,Third,man,True,,Southampton,no,True
0,3,male,23.346433708362582,8,2,69.55,S,Third,man,True,,Southampton,no,False
0,3,male,44.0,0,1,16.1,S,Third,man,True,,Southampton,no,False
1,2,female,40.0,0,0,15.75,S,Second,woman,False,,Southampton,yes,True
0,3,male,26.0,0,0,7.775,S,Third,man,True,,Southampton,no,True
0,3,male,17.0,0,0,8.6625,S,Third,man,True,,Southampton,no,True
0,3,male,1.0,4,1,39.6875,S,Third,child,False,,Southampton,no,False
1,3,male,9.0,0,2,20.525,S,Third,child,False,,Southampton,yes,False
1,1,female,19.421554866653437,0,1,55.0,S,First,woman,False,E,Southampton,yes,False
0,3,female,45.0,1,4,27.9,S,Third,woman,False,,Southampton,no,False
0,1,male,37.94151876217424,0,0,25.925,S,First,man,True,,Southampton,no,True
0,3,male,28.0,0,0,56.4958,S,Third,man,True,,Southampton,no,True
0,1,male,61.0,0,0,33.5,S,First,man,True,B,Southampton,no,True
0,3,male,4.0,4,1,29.125,Q,Third,child,False,,Queenstown,no,False
1,3,female,1.0,1,1,11.1333,S,Third,child,False,,Southampton,yes,False
0,3,male,21.0,0,0,7.925,S,Third,man,True,,Southampton,no,True
0,1,male,56.0,0,0,30.6958,C,First,man,True,A,Cherbourg,no,True
0,3,male,18.0,1,1,7.8542,S,Third,man,True,,Southampton,no,False
0,3,male,44.65210311603755,3,1,25.4667,S,Third,man,True,,Southampton,no,False
0,1,female,50.0,0,0,28.7125,C,First,woman,False,C,Cherbourg,no,True
0,2,male,30.0,0,0,13.0,S,Second,man,True,,Southampton,no,True
0,3,male,36.0,0,0,0.0,S,Third,man,True,,Southampton,no,True
0,3,female,43.024781217703975,8,2,69.55,S,Third,woman,False,,Southampton,no,False
0,2,male,17.30500236797168,0,0,15.05,C,Second,man,True,,Cherbourg,no,True
0,3,male,9.0,4,2,31.3875,S,Third,child,False,,Southampton,no,False
1,2,male,1.0,2,1,39.0,S,Second,child,False,F,Southampton,yes,False
1,3,female,4.0,0,2,22.025,S,Third,child,False,,Southampton,yes,False
0,1,male,24.39211503667009,0,0,50.0,S,First,man,True,A,Southampton,no,True
1,3,female,22.064187547630567,1,0,15.5,Q,Third,woman,False,,Queenstown,yes,False
1,1,male,45.0,0,0,26.55,S,First,man,True,,Southampton,yes,True
0,3,male,40.0,1,1,15.5,Q,Third,man,True,,Queenstown,no,False
0,3,male,36.0,0,0,7.8958,S,Third,man,True,,Southampton,no,True
1,2,female,32.0,0,0,13.0,S,Second,woman,False,,Southampton,yes,True
0,2,male,19.0,0,0,13.0,S,Second,man,True,,Southampton,no,True
1,3,female,19.0,1,0,7.8542,S,Third,woman,False,,Southampton,yes,False
1,2,male,3.0,1,1,26.0,S,Second,child,False,F,Southampton,yes,False
1,1,female,44.0,0,0,27.7208,C,First,woman,False,B,Cherbourg,yes,True
1,1,female,58.0,0,0,146.5208,C,First,woman,False,B,Cherbourg,yes,True
0,3,male,26.11760955178599,0,0,7.75,Q,Third,man,True,,Queenstown,no,True
0,3,male,42.0,0,1,8.4042,S,Third,man,True,,Southampton,no,False
1,3,female,41.11255708553921,0,0,7.75,Q,Third,woman,False,,Queenstown,yes,True
0,2,female,24.0,0,0,13.0,S,Second,woman,False,,Southampton,no,True
0,3,male,28.0,0,0,9.5,S,Third,man,True,,Southampton,no,True
0,3,male,50.0982877568959,8,2,69.55,S,Third,man,True,,Southampton,no,False
0,3,male,34.0,0,0,6.4958,S,Third,man,True,,Southampton,no,True
0,3,male,45.5,0,0,7.225,C,Third,man,True,,Cherbourg,no,True
1,3,male,18.0,0,0,8.05,S,Third,man,True,,Southampton,yes,True
0,3,female,2.0,0,1,10.4625,S,Third,child,False,G,Southampton,no,False
0,3,male,32.0,1,0,15.85,S,Third,man,True,,Southampton,no,False
1,3,male,26.0,0,0,18.7875,C,Third,man,True,,Cherbourg,yes,True
1,3,female,16.0,0,0,7.75,Q,Third,woman,False,,Queenstown,yes,True
1,1,male,40.0,0,0,31.0,C,First,man,True,A,Cherbourg,yes,True
0,3,male,24.0,0,0,7.05,S,Third,man,True,,Southampton,no,True
1,2,female,35.0,0,0,21.0,S,Second,woman,False,,Southampton,yes,True
0,3,male,22.0,0,0,7.25,S,Third,man,True,,Southampton,no,True
0,2,male,30.0,0,0,13.0,S,Second,man,True,,Southampton,no,True
0,3,male,34.10339640141102,1,0,7.75,Q,Third,man,True,,Queenstown,no,False
1,1,female,31.0,1,0,113.275,C,First,woman,False,D,Cherbourg,yes,False
1,3,female,27.0,0,0,7.925,S,Third,woman,False,,Southampton,yes,True
0,2,male,42.0,1,0,27.0,S,Second,man,True,,Southampton,no,False
1,1,female,32.0,0,0,76.2917,C,First,woman,False,D,Cherbourg,yes,True
0,2,male,30.0,0,0,10.5,S,Second,man,True,,Southampton,no,True
1,3,male,16.0,0,0,8.05,S,Third,man,True,,Southampton,yes,True
0,2,male,27.0,0,0,13.0,S,Second,man,True,,Southampton,no,True
0,3,male,51.0,0,0,8.05,S,Third,man,True,,Southampton,no,True
0,3,male,19.84180407213536,0,0,7.8958,S,Third,man,True,,Southampton,no,True
1,1,male,38.0,1,0,90.0,S,First,man,True,C,Southampton,yes,False
0,3,male,22.0,0,0,9.35,S,Third,man,True,,Southampton,no,True
1,2,male,19.0,0,0,10.5,S,Second,man,True,,Southampton,yes,True
0,3,male,20.5,0,0,7.25,S,Third,man,True,,Southampton,no,True
0,2,male,18.0,0,0,13.0,S,Second,man,True,,Southampton,no,True
0,3,female,28.247995203472854,3,1,25.4667,S,Third,woman,False,,Southampton,no,False
1,1,female,35.0,1,0,83.475,S,First,woman,False,C,Southampton,yes,False
0,3,male,29.0,0,0,7.775,S,Third,man,True,,Southampton,no,True
0,2,male,59.0,0,0,13.5,S,Second,man,True,,Southampton,no,True
1,3,female,5.0,4,2,31.3875,S,Third,child,False,,Southampton,yes,False
0,2,male,24.0,0,0,10.5,S,Second,man,True,,Southampton,no,True
0,3,female,53.70096098367398,0,0,7.55,S,Third,woman,False,,Southampton,no,True
0,2,male,44.0,1,0,26.0,S,Second,man,True,,Southampton,no,False
1,2,female,8.0,0,2,26.25,S,Second,child,False,,Southampton,yes,False
0,2,male,19.0,0,0,10.5,S,Second,man,True,,Southampton,no,True
0,2,male,33.0,0,0,12.275,S,Second,man,True,,Southampton,no,True
0,3,female,30.02631224284029,1,0,14.4542,C,Third,woman,False,,Cherbourg,no,False
1,3,female,24.533570516007046,1,0,15.5,Q,Third,woman,False,,Queenstown,yes,False
0,2,male,29.0,0,0,10.5,S,Second,man,True,,Southampton,no,True
0,3,male,22.0,0,0,7.125,S,Third,man,True,,Southampton,no,True
0,3,male,30.0,0,0,7.225,C,Third,man,True,,Cherbourg,no,True
0,1,male,44.0,2,0,90.0,Q,First,man,True,C,Queenstown,no,False
0,3,female,25.0,0,0,7.775,S,Third,woman,False,,Southampton,no,True
1,2,female,24.0,0,2,14.5,S,Second,woman,False,,Southampton,yes,False
1,1,male,37.0,1,1,52.5542,S,First,man,True,D,Southampton,yes,False
0,2,male,54.0,1,0,26.0,S,Second,man,True,,Southampton,no,False
0,3,male,25.639794413486655,0,0,7.25,S,Third,man,True,,Southampton,no,True
0,3,female,29.0,1,1,10.4625,S,Third,woman,False,G,Southampton,no,False
0,1,male,62.0,0,0,26.55,S,First,man,True,C,Southampton,no,True
0,3,male,30.0,1,0,16.1,S,Third,man,True,,Southampton,no,False
0,3,female,41.0,0,2,20.2125,S,Third,woman,False,,Southampton,no,False
1,3,female,29.0,0,2,15.2458,C,Third,woman,False,,Cherbourg,yes,False
1,1,female,34.03506957883734,0,0,79.2,C,First,woman,False,,Cherbourg,yes,True
1,1,female,30.0,0,0,86.5,S,First,woman,False,B,Southampton,yes,True
1,1,female,35.0,0,0,512.3292,C,First,woman,False,,Cherbourg,yes,True
1,2,female,50.0,0,1,26.0,S,Second,woman,False,,Southampton,yes,False
0,3,male,17.702091957631843,0,0,7.75,Q,Third,man,True,,Queenstown,no,True
1,3,male,3.0,4,2,31.3875,S,Third,child,False,,Southampton,yes,False
0,1,male,52.0,1,1,79.65,S,First,man,True,E,Southampton,no,False
0,1,male,40.0,0,0,0.0,S,First,man,True,B,Southampton,no,True
0,3,female,21.75883064809294,0,0,7.75,Q,Third,woman,False,,Queenstown,no,True
0,2,male,36.0,0,0,10.5,S,Second,man,True,,Southampton,no,True
0,3,male,16.0,4,1,39.6875,S,Third,man,True,,Southampton,no,False
1,3,male,25.0,1,0,7.775,S,Third,man,True,,Southampton,yes,False
1,1,female,58.0,0,1,153.4625,S,First,woman,False,C,Southampton,yes,False
1,1,female,35.0,0,0,135.6333,S,First,woman,False,C,Southampton,yes,True
0,1,male,42.76749193204742,0,0,31.0,S,First,man,True,,Southampton,no,True
1,3,male,25.0,0,0,0.0,S,Third,man,True,,Southampton,yes,True
1,2,female,41.0,0,1,19.5,S,Second,woman,False,,Southampton,yes,False
0,1,male,37.0,0,1,29.7,C,First,man,True,C,Cherbourg,no,False
1,3,female,33.60756164581191,0,0,7.75,Q,Third,woman,False,,Queenstown,yes,True
1,1,female,63.0,1,0,77.9583,S,First,woman,False,D,Southampton,yes,False
0,3,female,45.0,0,0,7.75,S,Third,woman,False,,Southampton,no,True
0,2,male,30.172732474816925,0,0,0.0,S,Second,man,True,,Southampton,no,True
0,3,male,7.0,4,1,29.125,Q,Third,child,False,,Queenstown,no,False
1,3,female,35.0,1,1,20.25,S,Third,woman,False,,Southampton,yes,False
0,3,male,65.0,0,0,7.75,Q,Third,man,True,,Queenstown,no,True
0,3,male,28.0,0,0,7.8542,S,Third,man,True,,Southampton,no,True
0,3,male,16.0,0,0,9.5,S,Third,man,True,,Southampton,no,True
1,3,male,19.0,0,0,8.05,S,Third,man,True,,Southampton,yes,True
0,1,male,43.63222111189063,0,0,26.0,S,First,man,True,A,Southampton,no,True
0,3,male,33.0,0,0,8.6625,C,Third,man,True,,Cherbourg,no,True
1,3,male,30.0,0,0,9.5,S,Third,man,True,,Southampton,yes,True
0,3,male,22.0,0,0,7.8958,S,Third,man,True,,Southampton,no,True
1,2,male,42.0,0,0,13.0,S,Second,man,True,,Southampton,yes,True
1,3,female,22.0,0,0,7.75,Q,Third,woman,False,,Queenstown,yes,True
1,1,female,26.0,0,0,78.85,S,First,woman,False,,Southampton,yes,True
1,1,female,19.0,1,0,91.0792,C,First,woman,False,B,Cherbourg,yes,False
0,2,male,36.0,0,0,12.875,C,Second,man,True,D,Cherbourg,no,True
0,3,female,24.0,0,0,8.85,S,Third,woman,False,,Southampton,no,True
0,3,male,24.0,0,0,7.8958,S,Third,man,True,,Southampton,no,True
0,1,male,19.090741266871788,0,0,27.7208,C,First,man,True,,Cherbourg,no,True
0,3,male,23.5,0,0,7.2292,C,Third,man,True,,Cherbourg,no,True
0,1,female,2.0,1,2,151.55,S,First,child,False,C,Southampton,no,False
1,1,male,24.136860804796427,0,0,30.5,S,First,man,True,C,Southampton,yes,True
1,1,female,50.0,0,1,247.5208,C,First,woman,False,B,Cherbourg,yes,False
1,3,female,33.117600605402345,0,0,7.75,Q,Third,woman,False,,Queenstown,yes,True
1,3,male,32.59335306831002,2,0,23.25,Q,Third,man,True,,Queenstown,yes,False
0,3,male,19.0,0,0,0.0,S,Third,man,True,,Southampton,no,True
1,2,female,10.163996429398281,0,0,12.35,Q,Second,woman,False,E,Queenstown,yes,True
0,3,male,22.859902116250694,0,0,8.05,S,Third,man,True,,Southampton,no,True
1,1,male,0.92,1,2,151.55,S,First,child,False,C,Southampton,yes,False
1,1,female,26.4613214654473,0,0,110.8833,C,First,woman,False,,Cherbourg,yes,True
1,1,female,17.0,1,0,108.9,C,First,woman,False,C,Cherbourg,yes,False
0,2,male,30.0,1,0,24.0,C,Second,man,True,,Cherbourg,no,False
1,1,female,30.0,0,0,56.9292,C,First,woman,False,E,Cherbourg,yes,True
1,1,female,24.0,0,0,83.1583,C,First,woman,False,C,Cherbourg,yes,True
1,1,female,18.0,2,2,262.375,C,First,woman,False,B,Cherbourg,yes,False
0,2,female,26.0,1,1,26.0,S,Second,woman,False,,Southampton,no,False
0,3,male,28.0,0,0,7.8958,S,Third,man,True,,Southampton,no,True
0,2,male,43.0,1,1,26.25,S,Second,man,True,,Southampton,no,False
1,3,female,26.0,0,0,7.8542,S,Third,woman,False,,Southampton,yes,True
1,2,female,24.0,1,0,26.0,S,Second,woman,False,,Southampton,yes,False
0,2,male,54.0,0,0,14.0,S,Second,man,True,,Southampton,no,True
1,1,female,31.0,0,2,164.8667,S,First,woman,False,C,Southampton,yes,False
1,1,female,40.0,1,1,134.5,C,First,woman,False,E,Cherbourg,yes,False
0,3,male,22.0,0,0,7.25,S,Third,man,True,,Southampton,no,True
0,3,male,27.0,0,0,7.8958,S,Third,man,True,,Southampton,no,True
1,2,female,30.0,0,0,12.35,Q,Second,woman,False,,Queenstown,yes,True
1,2,female,22.0,1,1,29.0,S,Second,woman,False,,Southampton,yes,False
0,3,male,34.745980729100324,8,2,69.55,S,Third,man,True,,Southampton,no,False
1,1,female,36.0,0,0,135.6333,C,First,woman,False,C,Cherbourg,yes,True
0,3,male,61.0,0,0,6.2375,S,Third,man,True,,Southampton,no,True
1,2,female,36.0,0,0,13.0,S,Second,woman,False,D,Southampton,yes,True
1,3,female,31.0,1,1,20.525,S,Third,woman,False,,Southampton,yes,False
1,1,female,16.0,0,1,57.9792,C,First,woman,False,B,Cherbourg,yes,False
1,3,female,32.54108121698624,2,0,23.25,Q,Third,woman,False,,Queenstown,yes,False
0,1,male,45.5,0,0,28.5,S,First,man,True,C,Southampton,no,True
0,1,male,38.0,0,1,153.4625,S,First,man,True,C,Southampton,no,False
0,3,male,16.0,2,0,18.0,S,Third,man,True,,Southampton,no,False
1,1,female,27.694889614473652,1,0,133.65,S,First,woman,False,,Southampton,yes,False
0,3,male,4.3872551734790335,0,0,7.8958,S,Third,man,True,,Southampton,no,True
0,1,male,29.0,1,0,66.6,S,First,man,True,C,Southampton,no,False
1,1,female,41.0,0,0,134.5,C,First,woman,False,E,Cherbourg,yes,True
1,3,male,45.0,0,0,8.05,S,Third,man,True,,Southampton,yes,True
0,1,male,45.0,0,0,35.5,S,First,man,True,,Southampton,no,True
1,2,male,2.0,1,1,26.0,S,Second,child,False,F,Southampton,yes,False
1,1,female,24.0,3,2,263.0,S,First,woman,False,C,Southampton,yes,False
0,2,male,28.0,0,0,13.0,S,Second,man,True,,Southampton,no,True
0,2,male,25.0,0,0,13.0,S,Second,man,True,,Southampton,no,True
0,2,male,36.0,0,0,13.0,S,Second,man,True,,Southampton,no,True
1,2,female,24.0,0,0,13.0,S,Second,woman,False,F,Southampton,yes,True
1,2,female,40.0,0,0,13.0,S,Second,woman,False,,Southampton,yes,True
1,3,female,28.3817783586409,1,0,16.1,S,Third,woman,False,,Southampton,yes,False
1,3,male,3.0,1,1,15.9,S,Third,child,False,,Southampton,yes,False
0,3,male,42.0,0,0,8.6625,S,Third,man,True,,Southampton,no,True
0,3,male,23.0,0,0,9.225,S,Third,man,True,,Southampton,no,True
0,1,male,29.635781714104624,0,0,35.0,S,First,man,True,C,Southampton,no,True
0,3,male,15.0,1,1,7.2292,C,Third,child,False,,Cherbourg,no,False
0,3,male,25.0,1,0,17.8,S,Third,man,True,,Southampton,no,False
0,3,male,70.27398513709866,0,0,7.225,C,Third,man,True,,Cherbourg,no,True
0,3,male,28.0,0,0,9.5,S,Third,man,True,,Southampton,no,True
1,1,female,22.0,0,1,55.0,S,First,woman,False,E,Southampton,yes,False
0,2,female,38.0,0,0,13.0,S,Second,woman,False,,Southampton,no,True
1,3,female,26.023290649089688,0,0,7.8792,Q,Third,woman,False,,Queenstown,yes,True
1,3,female,33.198948615678276,0,0,7.8792,Q,Third,woman,False,,Queenstown,yes,True
0,3,male,40.0,1,4,27.9,S,Third,man,True,,Southampton,no,False
0,2,male,29.0,1,0,27.7208,C,Second,man,True,,Cherbourg,no,False
0,3,female,45.0,0,1,14.4542,C,Third,woman,False,,Cherbourg,no,False
0,3,male,35.0,0,0,7.05,S,Third,man,True,,Southampton,no,True
0,3,male,46.50056468588147,1,0,15.5,Q,Third,man,True,,Queenstown,no,False
0,3,male,30.0,0,0,7.25,S,Third,man,True,,Southampton,no,True
1,1,female,60.0,1,0,75.25,C,First,woman,False,D,Cherbourg,yes,False
1,3,female,40.14758552538683,0,0,7.2292,C,Third,woman,False,,Cherbourg,yes,True
1,3,female,50.89536357835054,0,0,7.75,Q,Third,woman,False,,Queenstown,yes,True
1,1,female,24.0,0,0,69.3,C,First,woman,False,B,Cherbourg,yes,True
1,1,male,25.0,1,0,55.4417,C,First,man,True,E,Cherbourg,yes,False
0,3,male,18.0,1,0,6.4958,S,Third,man,True,,Southampton,no,False
0,3,male,19.0,0,0,8.05,S,Third,man,True,,Southampton,no,True
0,1,male,22.0,0,0,135.6333,C,First,man,True,,Cherbourg,no,True
0,3,female,3.0,3,1,21.075,S,Third,child,False,,Southampton,no,False
1,1,female,10.325009379095746,1,0,82.1708,C,First,woman,False,,Cherbourg,yes,False
1,3,female,22.0,0,0,7.25,S,Third,woman,False,,Southampton,yes,True
0,1,male,27.0,0,2,211.5,C,First,man,True,C,Cherbourg,no,False
0,3,male,20.0,0,0,4.0125,C,Third,man,True,,Cherbourg,no,True
0,3,male,19.0,0,0,7.775,S,Third,man,True,,Southampton,no,True
1,1,female,42.0,0,0,227.525,C,First,woman,False,,Cherbourg,yes,True
1,3,female,1.0,0,2,15.7417,C,Third,child,False,,Cherbourg,yes,False
0,3,male,32.0,0,0,7.925,S,Third,man,True,,Southampton,no,True
1,1,female,35.0,1,0,52.0,S,First,woman,False,,Southampton,yes,False
0,3,male,15.373591978374584,0,0,7.8958,S,Third,man,True,,Southampton,no,True
0,2,male,18.0,0,0,73.5,S,Second,man,True,,Southampton,no,True
0,3,male,1.0,5,2,46.9,S,Third,child,False,,Southampton,no,False
1,2,female,36.0,0,0,13.0,S,Second,woman,False,,Southampton,yes,True
0,3,male,20.891218376831986,0,0,7.7292,Q,Third,man,True,,Queenstown,no,True
1,2,female,17.0,0,0,12.0,C,Second,woman,False,,Cherbourg,yes,True
1,1,male,36.0,1,2,120.0,S,First,man,True,B,Southampton,yes,False
1,3,male,21.0,0,0,7.7958,S,Third,man,True,,Southampton,yes,True
0,3,male,28.0,2,0,7.925,S,Third,man,True,,Southampton,no,False
1,1,female,23.0,1,0,113.275,C,First,woman,False,D,Cherbourg,yes,False
1,3,female,24.0,0,2,16.7,S,Third,woman,False,G,Southampton,yes,False
0,3,male,22.0,0,0,7.7958,S,Third,man,True,,Southampton,no,True
0,3,female,31.0,0,0,7.8542,S,Third,woman,False,,Southampton,no,True
0,2,male,46.0,0,0,26.0,S,Second,man,True,,Southampton,no,True
0,2,male,23.0,0,0,10.5,S,Second,man,True,,Southampton,no,True
1,2,female,28.0,0,0,12.65,S,Second,woman,False,,Southampton,yes,True
1,3,male,39.0,0,0,7.925,S,Third,man,True,,Southampton,yes,True
0,3,male,26.0,0,0,8.05,S,Third,man,True,,Southampton,no,True
0,3,female,21.0,1,0,9.825,S,Third,woman,False,,Southampton,no,False
0,3,male,28.0,1,0,15.85,S,Third,man,True,,Southampton,no,False
0,3,female,20.0,0,0,8.6625,S,Third,woman,False,,Southampton,no,True
0,2,male,34.0,1,0,21.0,S,Second,man,True,,Southampton,no,False
0,3,male,51.0,0,0,7.75,S,Third,man,True,,Southampton,no,True
1,2,male,3.0,1,1,18.75,S,Second,child,False,,Southampton,yes,False
0,3,male,21.0,0,0,7.775,S,Third,man,True,,Southampton,no,True
0,3,female,8.569781699921599,3,1,25.4667,S,Third,woman,False,,Southampton,no,False
0,3,male,29.756985951219363,0,0,7.8958,S,Third,man,True,,Southampton,no,True
0,3,male,16.276237120010826,0,0,6.8583,Q,Third,man,True,,Queenstown,no,True
1,1,female,33.0,1,0,90.0,Q,First,woman,False,C,Queenstown,yes,False
0,2,male,53.44375910933287,0,0,0.0,S,Second,man,True,,Southampton,no,True
1,3,male,44.0,0,0,7.925,S,Third,man,True,,Southampton,yes,True
0,3,female,18.029560991003336,0,0,8.05,S,Third,woman,False,,Southampton,no,True
1,2,female,34.0,1,1,32.5,S,Second,woman,False,,Southampton,yes,False
1,2,female,18.0,0,2,13.0,S,Second,woman,False,,Southampton,yes,False
0,2,male,30.0,0,0,13.0,S,Second,man,True,,Southampton,no,True
0,3,female,10.0,0,2,24.15,S,Third,child,False,,Southampton,no,False
0,3,male,24.21428009935019,0,0,7.8958,C,Third,man,True,,Cherbourg,no,True
0,3,male,21.0,0,0,7.7333,Q,Third,man,True,,Queenstown,no,True
0,3,male,29.0,0,0,7.875,S,Third,man,True,,Southampton,no,True
0,3,female,28.0,1,1,14.4,S,Third,woman,False,,Southampton,no,False
0,3,male,18.0,1,1,20.2125,S,Third,man,True,,Southampton,no,False
0,3,male,41.12840561919725,0,0,7.25,S,Third,man,True,,Southampton,no,True
1,2,female,28.0,1,0,26.0,S,Second,woman,False,,Southampton,yes,False
1,2,female,19.0,0,0,26.0,S,Second,woman,False,,Southampton,yes,True
0,3,male,12.38831182186616,0,0,7.75,Q,Third,man,True,,Queenstown,no,True
1,3,male,32.0,0,0,8.05,S,Third,man,True,E,Southampton,yes,True
1,1,male,28.0,0,0,26.55,S,First,man,True,C,Southampton,yes,True
1,3,female,7.909450798544704,1,0,16.1,S,Third,woman,False,,Southampton,yes,False
1,2,female,42.0,1,0,26.0,S,Second,woman,False,,Southampton,yes,False
0,3,male,17.0,0,0,7.125,S,Third,man,True,,Southampton,no,True
0,1,male,50.0,1,0,55.9,S,First,man,True,E,Southampton,no,False
1,1,female,14.0,1,2,120.0,S,First,child,False,B,Southampton,yes,False
0,3,female,21.0,2,2,34.375,S,Third,woman,False,,Southampton,no,False
1,2,female,24.0,2,3,18.75,S,Second,woman,False,,Southampton,yes,False
0,1,male,64.0,1,4,263.0,S,First,man,True,C,Southampton,no,False
0,2,male,31.0,0,0,10.5,S,Second,man,True,,Southampton,no,True
1,2,female,45.0,1,1,26.25,S,Second,woman,False,,Southampton,yes,False
0,3,male,20.0,0,0,9.5,S,Third,man,True,,Southampton,no,True
0,3,male,25.0,1,0,7.775,S,Third,man,True,,Southampton,no,False
1,2,female,28.0,0,0,13.0,S,Second,woman,False,,Southampton,yes,True
1,3,male,31.458895482226552,0,0,8.1125,S,Third,man,True,,Southampton,yes,True
1,1,male,4.0,0,2,81.8583,S,First,child,False,A,Southampton,yes,False
1,2,female,13.0,0,1,19.5,S,Second,child,False,,Southampton,yes,False
1,1,male,34.0,0,0,26.55,S,First,man,True,,Southampton,yes,True
1,3,female,5.0,2,1,19.2583,C,Third,child,False,,Cherbourg,yes,False
1,1,male,52.0,0,0,30.5,S,First,man,True,C,Southampton,yes,True
0,2,male,36.0,1,2,27.75,S,Second,man,True,,Southampton,no,False
0,3,male,32.575864114482954,1,0,19.9667,S,Third,man,True,,Southampton,no,False
0,1,male,30.0,0,0,27.75,C,First,man,True,C,Cherbourg,no,True
1,1,male,49.0,1,0,89.1042,C,First,man,True,C,Cherbourg,yes,False
0,3,male,40.622694593415005,0,0,8.05,S,Third,man,True,,Southampton,no,True
1,3,male,29.0,0,0,7.8958,C,Third,man,True,,Cherbourg,yes,True
0,1,male,65.0,0,0,26.55,S,First,man,True,E,Southampton,no,True
1,1,female,36.55019645092581,1,0,51.8625,S,First,woman,False,D,Southampton,yes,False
1,2,female,50.0,0,0,10.5,S,Second,woman,False,,Southampton,yes,True
0,3,male,33.13055355385892,0,0,7.75,Q,Third,man,True,,Queenstown,no,True
1,1,male,48.0,0,0,26.55,S,First,man,True,E,Southampton,yes,True
0,3,male,34.0,0,0,8.05,S,Third,man,True,,Southampton,no,True
0,1,male,47.0,0,0,38.5,S,First,man,True,E,Southampton,no,True
0,2,male,48.0,0,0,13.0,S,Second,man,True,,Southampton,no,True
0,3,male,19.380651043698222,0,0,8.05,S,Third,man,True,,Southampton,no,True
0,3,male,38.0,0,0,7.05,S,Third,man,True,,Southampton,no,True
0,2,male,32.16449865890344,0,0,0.0,S,Second,man,True,,Southampton,no,True
0,1,male,56.0,0,0,26.55,S,First,man,True,,Southampton,no,True
0,3,male,33.07194073389779,0,0,7.725,Q,Third,man,True,,Queenstown,no,True
1,3,female,0.75,2,1,19.2583,C,Third,child,False,,Cherbourg,yes,False
0,3,male,18.92926321522276,0,0,7.25,S,Third,man,True,,Southampton,no,True
0,3,male,38.0,0,0,8.6625,S,Third,man,True,,Southampton,no,True
1,2,female,33.0,1,2,27.75,S,Second,woman,False,,Southampton,yes,False
1,2,female,23.0,0,0,13.7917,C,Second,woman,False,D,Cherbourg,yes,True
0,3,female,22.0,0,0,9.8375,S,Third,woman,False,,Southampton,no,True
0,1,male,59.06501032892423,0,0,52.0,S,First,man,True,A,Southampton,no,True
0,2,male,34.0,1,0,21.0,S,Second,man,True,,Southampton,no,False
0,3,male,29.0,1,0,7.0458,S,Third,man,True,,Southampton,no,False
0,3,male,22.0,0,0,7.5208,S,Third,man,True,,Southampton,no,True
1,3,female,2.0,0,1,12.2875,S,Third,child,False,,Southampton,yes,False
0,3,male,9.0,5,2,46.9,S,Third,child,False,,Southampton,no,False
0,2,male,35.81069932445709,0,0,0.0,S,Second,man,True,,Southampton,no,True
0,3,male,50.0,0,0,8.05,S,Third,man,True,,Southampton,no,True
1,3,female,63.0,0,0,9.5875,S,Third,woman,False,,Southampton,yes,True
1,1,male,25.0,1,0,91.0792,C,First,man,True,B,Cherbourg,yes,False
0,3,female,15.574070929730105,3,1,25.4667,S,Third,woman,False,,Southampton,no,False
1,1,female,35.0,1,0,90.0,S,First,woman,False,C,Southampton,yes,False
0,1,male,58.0,0,0,29.7,C,First,man,True,B,Cherbourg,no,True
0,3,male,30.0,0,0,8.05,S,Third,man,True,,Southampton,no,True
1,3,male,9.0,1,1,15.9,S,Third,child,False,,Southampton,yes,False
0,3,male,40.70651331451661,1,0,19.9667,S,Third,man,True,,Southampton,no,False
0,3,male,21.0,0,0,7.25,S,Third,man,True,,Southampton,no,True
0,1,male,55.0,0,0,30.5,S,First,man,True,C,Southampton,no,True
0,1,male,71.0,0,0,49.5042,C,First,man,True,,Cherbourg,no,True
0,3,male,21.0,0,0,8.05,S,Third,man,True,,Southampton,no,True
0,3,male,43.546397347481104,0,0,14.4583,C,Third,man,True,,Cherbourg,no,True
1,1,female,54.0,1,0,78.2667,C,First,woman,False,D,Cherbourg,yes,False
0,3,male,34.87866957452212,0,0,15.1,S,Third,man,True,,Southampton,no,True
0,1,female,25.0,1,2,151.55,S,First,woman,False,C,Southampton,no,False
0,3,male,24.0,0,0,7.7958,S,Third,man,True,,Southampton,no,True
0,3,male,17.0,0,0,8.6625,S,Third,man,True,,Southampton,no,True
0,3,female,21.0,0,0,7.75,Q,Third,woman,False,,Queenstown,no,True
0,3,female,25.279948291065523,0,0,7.6292,Q,Third,woman,False,,Queenstown,no,True
0,3,female,37.0,0,0,9.5875,S,Third,woman,False,,Southampton,no,True
1,1,female,16.0,0,0,86.5,S,First,woman,False,B,Southampton,yes,True
0,1,male,18.0,1,0,108.9,C,First,man,True,C,Cherbourg,no,False
1,2,female,33.0,0,2,26.0,S,Second,woman,False,,Southampton,yes,False
1,1,male,18.413953089234596,0,0,26.55,S,First,man,True,,Southampton,yes,True
0,3,male,28.0,0,0,22.525,S,Third,man,True,,Southampton,no,True
1,3,male,26.0,0,0,56.4958,S,Third,man,True,,Southampton,yes,True
1,3,male,29.0,0,0,7.75,Q,Third,man,True,,Queenstown,yes,True
0,3,male,27.656956045810475,0,0,8.05,S,Third,man,True,,Southampton,no,True
1,1,male,36.0,0,0,26.2875,S,First,man,True,E,Southampton,yes,True
1,1,female,54.0,1,0,59.4,C,First,woman,False,,Cherbourg,yes,False
0,3,male,24.0,0,0,7.4958,S,Third,man,True,,Southampton,no,True
0,1,male,47.0,0,0,34.0208,S,First,man,True,D,Southampton,no,True
1,2,female,34.0,0,0,10.5,S,Second,woman,False,F,Southampton,yes,True
0,3,male,33.79429743703284,0,0,24.15,Q,Third,man,True,,Queenstown,no,True
1,2,female,36.0,1,0,26.0,S,Second,woman,False,,Southampton,yes,False
0,3,male,32.0,0,0,7.8958,S,Third,man,True,,Southampton,no,True
1,1,female,30.0,0,0,93.5,S,First,woman,False,B,Southampton,yes,True
0,3,male,22.0,0,0,7.8958,S,Third,man,True,,Southampton,no,True
0,3,male,28.951284618762642,0,0,7.225,C,Third,man,True,,Cherbourg,no,True
1,1,female,44.0,0,1,57.9792,C,First,woman,False,B,Cherbourg,yes,False
0,3,male,51.76913993463157,0,0,7.2292,C,Third,man,True,,Cherbourg,no,True
0,3,male,40.5,0,0,7.75,Q,Third,man,True,,Queenstown,no,True
1,2,female,50.0,0,0,10.5,S,Second,woman,False,,Southampton,yes,True
0,1,male,38.15985718514854,0,0,221.7792,S,First,man,True,C,Southampton,no,True
0,3,male,39.0,0,0,7.925,S,Third,man,True,,Southampton,no,True
0,2,male,23.0,2,1,11.5,S,Second,man,True,,Southampton,no,False
1,2,female,2.0,1,1,26.0,S,Second,child,False,,Southampton,yes,False
0,3,male,17.073909941131596,0,0,7.2292,C,Third,man,True,,Cherbourg,no,True
0,3,male,17.0,1,1,7.2292,C,Third,man,True,,Cherbourg,no,False
1,3,female,14.364262238599373,0,2,22.3583,C,Third,woman,False,,Cherbourg,yes,False
0,3,female,30.0,0,0,8.6625,S,Third,woman,False,,Southampton,no,True
1,2,female,7.0,0,2,26.25,S,Second,child,False,,Southampton,yes,False
0,1,male,45.0,0,0,26.55,S,First,man,True,B,Southampton,no,True
1,1,female,30.0,0,0,106.425,C,First,woman,False,,Cherbourg,yes,True
0,3,male,35.943171222178805,0,0,14.5,S,Third,man,True,,Southampton,no,True
1,1,female,22.0,0,2,49.5,C,First,woman,False,B,Cherbourg,yes,False
1,1,female,36.0,0,2,71.0,S,First,woman,False,B,Southampton,yes,False
0,3,female,9.0,4,2,31.275,S,Third,child,False,,Southampton,no,False
0,3,female,11.0,4,2,31.275,S,Third,child,False,,Southampton,no,False
1,2,male,32.0,1,0,26.0,S,Second,man,True,,Southampton,yes,False
0,1,male,50.0,1,0,106.425,C,First,man,True,C,Cherbourg,no,False
0,1,male,64.0,0,0,26.0,S,First,man,True,,Southampton,no,True
1,2,female,19.0,1,0,26.0,S,Second,woman,False,,Southampton,yes,False
1,2,male,25.586671939329108,0,0,13.8625,C,Second,man,True,,Cherbourg,yes,True
0,3,male,33.0,1,1,20.525,S,Third,man,True,,Southampton,no,False
1,2,male,8.0,1,1,36.75,S,Second,child,False,,Southampton,yes,False
1,1,male,17.0,0,2,110.8833,C,First,man,True,C,Cherbourg,yes,False
0,2,male,27.0,0,0,26.0,S,Second,man,True,,Southampton,no,True
0,3,male,39.54715883842465,0,0,7.8292,Q,Third,man,True,,Queenstown,no,True
1,3,male,22.0,0,0,7.225,C,Third,man,True,,Cherbourg,yes,True
1,3,female,22.0,0,0,7.775,S,Third,woman,False,,Southampton,yes,True
0,1,male,62.0,0,0,26.55,S,First,man,True,,Southampton,no,True
1,1,female,48.0,1,0,39.6,C,First,woman,False,A,Cherbourg,yes,False
0,1,male,35.80157677332198,0,0,227.525,C,First,man,True,,Cherbourg,no,True
1,1,female,39.0,1,1,79.65,S,First,woman,False,E,Southampton,yes,False
1,3,female,36.0,1,0,17.4,S,Third,woman,False,,Southampton,yes,False
0,3,male,27.7179922307826,0,0,7.75,Q,Third,man,True,,Queenstown,no,True
0,3,male,40.0,0,0,7.8958,S,Third,man,True,,Southampton,no,True
0,2,male,28.0,0,0,13.5,S,Second,man,True,,Southampton,no,True
0,3,male,17.207341086923726,0,0,8.05,S,Third,man,True,,Southampton,no,True
0,3,female,8.98880988408392,0,0,8.05,S,Third,woman,False,,Southampton,no,True
0,3,male,24.0,2,0,24.15,S,Third,man,True,,Southampton,no,False
0,3,male,19.0,0,0,7.8958,S,Third,man,True,,Southampton,no,True
0,3,female,29.0,0,4,21.075,S,Third,woman,False,,Southampton,no,False
0,3,male,31.89490766458981,0,0,7.2292,C,Third,man,True,,Cherbourg,no,True
1,3,male,32.0,0,0,7.8542,S,Third,man,True,,Southampton,yes,True
1,2,male,62.0,0,0,10.5,S,Second,man,True,,Southampton,yes,True
1,1,female,53.0,2,0,51.4792,S,First,woman,False,C,Southampton,yes,False
1,1,male,36.0,0,0,26.3875,S,First,man,True,E,Southampton,yes,True
1,3,female,12.206830962730344,0,0,7.75,Q,Third,woman,False,,Queenstown,yes,True
0,3,male,16.0,0,0,8.05,S,Third,man,True,,Southampton,no,True
0,3,male,19.0,0,0,14.5,S,Third,man,True,,Southampton,no,True
1,2,female,34.0,0,0,13.0,S,Second,woman,False,,Southampton,yes,True
1,1,female,39.0,1,0,55.9,S,First,woman,False,E,Southampton,yes,False
0,3,female,16.731031434362116,1,0,14.4583,C,Third,woman,False,,Cherbourg,no,False
1,3,male,32.0,0,0,7.925,S,Third,man,True,,Southampton,yes,True
1,2,female,25.0,1,1,30.0,S,Second,woman,False,,Southampton,yes,False
1,1,female,39.0,1,1,110.8833,C,First,woman,False,C,Cherbourg,yes,False
0,2,male,54.0,0,0,26.0,S,Second,man,True,,Southampton,no,True
0,1,male,36.0,0,0,40.125,C,First,man,True,A,Cherbourg,no,True
0,3,male,31.00320627233735,0,0,8.7125,C,Third,man,True,,Cherbourg,no,True
1,1,female,18.0,0,2,79.65,S,First,woman,False,E,Southampton,yes,False
0,2,male,47.0,0,0,15.0,S,Second,man,True,,Southampton,no,True
1,1,male,60.0,1,1,79.2,C,First,man,True,B,Cherbourg,yes,False
0,3,male,22.0,0,0,8.05,S,Third,man,True,,Southampton,no,True
0,3,male,29.606397769175032,0,0,8.05,S,Third,man,True,,Southampton,no,True
0,3,male,35.0,0,0,7.125,S,Third,man,True,,Southampton,no,True
1,1,female,52.0,1,0,78.2667,C,First,woman,False,D,Cherbourg,yes,False
0,3,male,47.0,0,0,7.25,S,Third,man,True,,Southampton,no,True
0,3,female,13.468481468446782,0,2,7.75,Q,Third,woman,False,,Queenstown,no,False
0,2,male,37.0,1,0,26.0,S,Second,man,True,,Southampton,no,False
0,3,male,36.0,1,1,24.15,S,Third,man,True,,Southampton,no,False
1,2,female,45.50941294954322,0,0,33.0,S,Second,woman,False,,Southampton,yes,True
0,3,male,49.0,0,0,0.0,S,Third,man,True,,Southampton,no,True
0,3,male,45.02700196354306,0,0,7.225,C,Third,man,True,,Cherbourg,no,True
1,1,male,49.0,1,0,56.9292,C,First,man,True,A,Cherbourg,yes,False
1,2,female,24.0,2,1,27.0,S,Second,woman,False,,Southampton,yes,False
0,3,male,36.44376208059656,0,0,7.8958,S,Third,man,True,,Southampton,no,True
0,1,male,36.424518464639036,0,0,42.4,S,First,man,True,,Southampton,no,True
0,3,male,44.0,0,0,8.05,S,Third,man,True,,Southampton,no,True
1,1,male,35.0,0,0,26.55,C,First,man,True,,Cherbourg,yes,True
0,3,male,36.0,1,0,15.55,S,Third,man,True,,Southampton,no,False
0,3,male,30.0,0,0,7.8958,S,Third,man,True,,Southampton,no,True
1,1,male,27.0,0,0,30.5,S,First,man,True,,Southampton,yes,True
1,2,female,22.0,1,2,41.5792,C,Second,woman,False,,Cherbourg,yes,False
1,1,female,40.0,0,0,153.4625,S,First,woman,False,C,Southampton,yes,True
0,3,female,39.0,1,5,31.275,S,Third,woman,False,,Southampton,no,False
0,3,male,36.443953391049334,0,0,7.05,S,Third,man,True,,Southampton,no,True
1,3,female,99.38168440132392,1,0,15.5,Q,Third,woman,False,,Queenstown,yes,False
0,3,male,43.3938360148893,0,0,7.75,Q,Third,man,True,,Queenstown,no,True
0,3,male,35.0,0,0,8.05,S,Third,man,True,,Southampton,no,True
1,2,female,24.0,1,2,65.0,S,Second,woman,False,,Southampton,yes,False
0,3,male,34.0,1,1,14.4,S,Third,man,True,,Southampton,no,False
0,3,female,26.0,1,0,16.1,S,Third,woman,False,,Southampton,no,False
1,2,female,4.0,2,1,39.0,S,Second,child,False,F,Southampton,yes,False
0,2,male,26.0,0,0,10.5,S,Second,man,True,,Southampton,no,True
0,3,male,27.0,1,0,14.4542,C,Third,man,True,,Cherbourg,no,False
1,1,male,42.0,1,0,52.5542,S,First,man,True,D,Southampton,yes,False
1,3,male,20.0,1,1,15.7417,C,Third,man,True,,Cherbourg,yes,False
0,3,male,21.0,0,0,7.8542,S,Third,man,True,,Southampton,no,True
0,3,male,21.0,0,0,16.1,S,Third,man,True,,Southampton,no,True
0,1,male,61.0,0,0,32.3208,S,First,man,True,D,Southampton,no,True
0,2,male,57.0,0,0,12.35,Q,Second,man,True,,Queenstown,no,True
1,1,female,21.0,0,0,77.9583,S,First,woman,False,D,Southampton,yes,True
0,3,male,26.0,0,0,7.8958,S,Third,man,True,,Southampton,no,True
0,3,male,38.562288111232675,0,0,7.7333,Q,Third,man,True,,Queenstown,no,True
1,1,male,80.0,0,0,30.0,S,First,man,True,A,Southampton,yes,True
0,3,male,51.0,0,0,7.0542,S,Third,man,True,,Southampton,no,True
1,1,male,32.0,0,0,30.5,C,First,man,True,B,Cherbourg,yes,True
0,1,male,18.165185575053144,0,0,0.0,S,First,man,True,,Southampton,no,True
0,3,female,9.0,3,2,27.9,S,Third,child,False,,Southampton,no,False
1,2,female,28.0,0,0,13.0,S,Second,woman,False,,Southampton,yes,True
0,3,male,32.0,0,0,7.925,S,Third,man,True,,Southampton,no,True
0,2,male,31.0,1,1,26.25,S,Second,man,True,,Southampton,no,False
0,3,female,41.0,0,5,39.6875,S,Third,woman,False,,Southampton,no,False
0,3,male,25.399725700004993,1,0,16.1,S,Third,man,True,,Southampton,no,False
0,3,male,20.0,0,0,7.8542,S,Third,man,True,,Southampton,no,True
1,1,female,24.0,0,0,69.3,C,First,woman,False,B,Cherbourg,yes,True
0,3,female,2.0,3,2,27.9,S,Third,child,False,,Southampton,no,False
1,3,male,67.4150781379847,0,0,56.4958,S,Third,man,True,,Southampton,yes,True
1,3,female,0.75,2,1,19.2583,C,Third,child,False,,Cherbourg,yes,False
1,1,male,48.0,1,0,76.7292,C,First,man,True,D,Cherbourg,yes,False
0,3,male,19.0,0,0,7.8958,S,Third,man,True,,Southampton,no,True
1,1,male,56.0,0,0,35.5,C,First,man,True,A,Cherbourg,yes,True
0,3,male,4.95898296017284,0,0,7.55,S,Third,man,True,,Southampton,no,True
1,3,female,23.0,0,0,7.55,S,Third,woman,False,,Southampton,yes,True
0,3,male,22.162312135518405,0,0,7.8958,S,Third,man,True,,Southampton,no,True
1,2,female,18.0,0,1,23.0,S,Second,woman,False,,Southampton,yes,False
0,3,male,21.0,0,0,8.4333,S,Third,man,True,,Southampton,no,True
1,3,female,45.60691933009758,0,0,7.8292,Q,Third,woman,False,,Queenstown,yes,True
0,3,female,18.0,0,0,6.75,Q,Third,woman,False,,Queenstown,no,True
0,2,male,24.0,2,0,73.5,S,Second,man,True,,Southampton,no,False
0,3,male,18.916770810623703,0,0,7.8958,S,Third,man,True,,Southampton,no,True
0,3,female,32.0,1,1,15.5,Q,Third,woman,False,,Queenstown,no,False
0,2,male,23.0,0,0,13.0,S,Second,man,True,,Southampton,no,True
0,1,male,58.0,0,2,113.275,C,First,man,True,D,Cherbourg,no,False
1,1,male,50.0,2,0,133.65,S,First,man,True,,Southampton,yes,False
0,3,male,40.0,0,0,7.225,C,Third,man,True,,Cherbourg,no,True
0,1,male,47.0,0,0,25.5875,S,First,man,True,E,Southampton,no,True
0,3,male,36.0,0,0,7.4958,S,Third,man,True,,Southampton,no,True
1,3,male,20.0,1,0,7.925,S,Third,man,True,,Southampton,yes,False
0,2,male,32.0,2,0,73.5,S,Second,man,True,,Southampton,no,False
0,2,male,25.0,0,0,13.0,S,Second,man,True,,Southampton,no,True
0,3,male,39.005040668553235,0,0,7.775,S,Third,man,True,,Southampton,no,True
0,3,male,43.0,0,0,8.05,S,Third,man,True,,Southampton,no,True
1,1,female,29.422884860140343,1,0,52.0,S,First,woman,False,C,Southampton,yes,False
1,2,female,40.0,1,1,39.0,S,Second,woman,False,,Southampton,yes,False
0,1,male,31.0,1,0,52.0,S,First,man,True,B,Southampton,no,False
0,2,male,70.0,0,0,10.5,S,Second,man,True,,Southampton,no,True
1,2,male,31.0,0,0,13.0,S,Second,man,True,,Southampton,yes,True
0,2,male,19.756019624734208,0,0,0.0,S,Second,man,True,,Southampton,no,True
0,3,male,18.0,0,0,7.775,S,Third,man,True,,Southampton,no,True
0,3,male,24.5,0,0,8.05,S,Third,man,True,,Southampton,no,True
1,3,female,18.0,0,0,9.8417,S,Third,woman,False,,Southampton,yes,True
0,3,female,43.0,1,6,46.9,S,Third,woman,False,,Southampton,no,False
1,1,male,36.0,0,1,512.3292,C,First,man,True,B,Cherbourg,yes,False
0,3,female,3.2202476947832466,0,0,8.1375,Q,Third,woman,False,,Queenstown,no,True
1,1,male,27.0,0,0,76.7292,C,First,man,True,D,Cherbourg,yes,True
0,3,male,20.0,0,0,9.225,S,Third,man,True,,Southampton,no,True
0,3,male,14.0,5,2,46.9,S,Third,child,False,,Southampton,no,False
0,2,male,60.0,1,1,39.0,S,Second,man,True,,Southampton,no,False
0,2,male,25.0,1,2,41.5792,C,Second,man,True,,Cherbourg,no,False
0,3,male,14.0,4,1,39.6875,S,Third,child,False,,Southampton,no,False
0,3,male,19.0,0,0,10.1708,S,Third,man,True,,Southampton,no,True
0,3,male,18.0,0,0,7.7958,S,Third,man,True,,Southampton,no,True
1,1,female,15.0,0,1,211.3375,S,First,child,False,B,Southampton,yes,False
1,1,male,31.0,1,0,57.0,S,First,man,True,B,Southampton,yes,False
1,3,female,4.0,0,1,13.4167,C,Third,child,False,,Cherbourg,yes,False
1,3,male,31.485790929063583,0,0,56.4958,S,Third,man,True,,Southampton,yes,True
0,3,male,25.0,0,0,7.225,C,Third,man,True,,Cherbourg,no,True
0,1,male,60.0,0,0,26.55,S,First,man,True,,Southampton,no,True
0,2,male,52.0,0,0,13.5,S,Second,man,True,,Southampton,no,True
0,3,male,44.0,0,0,8.05,S,Third,man,True,,Southampton,no,True
1,3,female,17.90919334085706,0,0,7.7333,Q,Third,woman,False,,Queenstown,yes,True
0,1,male,49.0,1,1,110.8833,C,First,man,True,C,Cherbourg,no,False
0,3,male,42.0,0,0,7.65,S,Third,man,True,F,Southampton,no,True
1,1,female,18.0,1,0,227.525,C,First,woman,False,C,Cherbourg,yes,False
1,1,male,35.0,0,0,26.2875,S,First,man,True,E,Southampton,yes,True
0,3,female,18.0,0,1,14.4542,C,Third,woman,False,,Cherbourg,no,False
0,3,male,25.0,0,0,7.7417,Q,Third,man,True,,Queenstown,no,True
0,3,male,26.0,1,0,7.8542,S,Third,man,True,,Southampton,no,False
0,2,male,39.0,0,0,26.0,S,Second,man,True,,Southampton,no,True
1,2,female,45.0,0,0,13.5,S,Second,woman,False,,Southampton,yes,True
1,1,male,42.0,0,0,26.2875,S,First,man,True,E,Southampton,yes,True
1,1,female,22.0,0,0,151.55,S,First,woman,False,,Southampton,yes,True
1,3,male,27.120817283758825,1,1,15.2458,C,Third,man,True,,Cherbourg,yes,False
1,1,female,24.0,0,0,49.5042,C,First,woman,False,C,Cherbourg,yes,True
0,1,male,36.28907517738263,0,0,26.55,S,First,man,True,C,Southampton,no,True
1,1,male,48.0,1,0,52.0,S,First,man,True,C,Southampton,yes,False
0,3,male,29.0,0,0,9.4833,S,Third,man,True,,Southampton,no,True
0,2,male,52.0,0,0,13.0,S,Second,man,True,,Southampton,no,True
0,3,male,19.0,0,0,7.65,S,Third,man,True,F,Southampton,no,True
1,1,female,38.0,0,0,227.525,C,First,woman,False,C,Cherbourg,yes,True
1,2,female,27.0,0,0,10.5,S,Second,woman,False,E,Southampton,yes,True
0,3,male,41.96622834236403,0,0,15.5,Q,Third,man,True,,Queenstown,no,True
0,3,male,33.0,0,0,7.775,S,Third,man,True,,Southampton,no,True
1,2,female,6.0,0,1,33.0,S,Second,child,False,,Southampton,yes,False
0,3,male,17.0,1,0,7.0542,S,Third,man,True,,Southampton,no,False
0,2,male,34.0,0,0,13.0,S,Second,man,True,,Southampton,no,True
0,2,male,50.0,0,0,13.0,S,Second,man,True,,Southampton,no,True
1,1,male,27.0,1,0,53.1,S,First,man,True,E,Southampton,yes,False
0,3,male,20.0,0,0,8.6625,S,Third,man,True,,Southampton,no,True
1,2,female,30.0,3,0,21.0,S,Second,woman,False,,Southampton,yes,False
1,3,female,22.121472371153402,0,0,7.7375,Q,Third,woman,False,,Queenstown,yes,True
0,2,male,25.0,1,0,26.0,S,Second,man,True,,Southampton,no,False
0,3,female,25.0,1,0,7.925,S,Third,woman,False,,Southampton,no,False
1,1,female,29.0,0,0,211.3375,S,First,woman,False,B,Southampton,yes,True
0,3,male,11.0,0,0,18.7875,C,Third,child,False,,Cherbourg,no,True
0,2,male,19.73314686946621,0,0,0.0,S,Second,man,True,,Southampton,no,True
0,2,male,23.0,0,0,13.0,S,Second,man,True,,Southampton,no,True
0,2,male,23.0,0,0,13.0,S,Second,man,True,,Southampton,no,True
0,3,male,28.5,0,0,16.1,S,Third,man,True,,Southampton,no,True
0,3,female,48.0,1,3,34.375,S,Third,woman,False,,Southampton,no,False
1,1,male,35.0,0,0,512.3292,C,First,man,True,B,Cherbourg,yes,True
0,3,male,12.022438152886146,0,0,7.8958,S,Third,man,True,,Southampton,no,True
0,3,male,42.80731861570533,0,0,7.8958,S,Third,man,True,,Southampton,no,True
1,1,male,63.78171650164606,0,0,30.0,S,First,man,True,D,Southampton,yes,True
0,1,male,36.0,1,0,78.85,S,First,man,True,C,Southampton,no,False
1,1,female,21.0,2,2,262.375,C,First,woman,False,B,Cherbourg,yes,False
0,3,male,24.0,1,0,16.1,S,Third,man,True,,Southampton,no,False
1,3,male,31.0,0,0,7.925,S,Third,man,True,,Southampton,yes,True
0,1,male,70.0,1,1,71.0,S,First,man,True,B,Southampton,no,False
0,3,male,16.0,1,1,20.25,S,Third,man,True,,Southampton,no,False
1,2,female,30.0,0,0,13.0,S,Second,woman,False,,Southampton,yes,True
0,1,male,19.0,1,0,53.1,S,First,man,True,D,Southampton,no,False
0,3,male,31.0,0,0,7.75,Q,Third,man,True,,Queenstown,no,True
1,2,female,4.0,1,1,23.0,S,Second,child,False,,Southampton,yes,False
1,3,male,6.0,0,1,12.475,S,Third,child,False,E,Southampton,yes,False
0,3,male,33.0,0,0,9.5,S,Third,man,True,,Southampton,no,True
0,3,male,23.0,0,0,7.8958,S,Third,man,True,,Southampton,no,True
1,2,female,48.0,1,2,65.0,S,Second,woman,False,,Southampton,yes,False
1,2,male,0.67,1,1,14.5,S,Second,child,False,,Southampton,yes,False
0,3,male,28.0,0,0,7.7958,S,Third,man,True,,Southampton,no,True
0,2,male,18.0,0,0,11.5,S,Second,man,True,,Southampton,no,True
0,3,male,34.0,0,0,8.05,S,Third,man,True,,Southampton,no,True
1,1,female,33.0,0,0,86.5,S,First,woman,False,B,Southampton,yes,True
0,3,male,44.67617024347797,0,0,14.5,S,Third,man,True,,Southampton,no,True
0,3,male,41.0,0,0,7.125,S,Third,man,True,,Southampton,no,True
1,3,male,20.0,0,0,7.2292,C,Third,man,True,,Cherbourg,yes,True
1,1,female,36.0,1,2,120.0,S,First,woman,False,B,Southampton,yes,False
0,3,male,16.0,0,0,7.775,S,Third,man,True,,Southampton,no,True
1,1,female,51.0,1,0,77.9583,S,First,woman,False,D,Southampton,yes,False
0,1,male,48.581193968707964,0,0,39.6,C,First,man,True,,Cherbourg,no,True
0,3,female,30.5,0,0,7.75,Q,Third,woman,False,,Queenstown,no,True
0,3,male,19.01696432678304,1,0,24.15,Q,Third,man,True,,Queenstown,no,False
0,3,male,32.0,0,0,8.3625,S,Third,man,True,,Southampton,no,True
0,3,male,24.0,0,0,9.5,S,Third,man,True,,Southampton,no,True
0,3,male,48.0,0,0,7.8542,S,Third,man,True,,Southampton,no,True
0,2,female,57.0,0,0,10.5,S,Second,woman,False,E,Southampton,no,True
0,3,male,35.35161183026979,0,0,7.225,C,Third,man,True,,Cherbourg,no,True
1,2,female,54.0,1,3,23.0,S,Second,woman,False,,Southampton,yes,False
0,3,male,18.0,0,0,7.75,S,Third,man,True,,Southampton,no,True
0,3,male,40.5082656090746,0,0,7.75,Q,Third,man,True,F,Queenstown,no,True
1,3,female,5.0,0,0,12.475,S,Third,child,False,,Southampton,yes,True
0,3,male,-8.851014877563685,0,0,7.7375,Q,Third,man,True,,Queenstown,no,True
1,1,female,43.0,0,1,211.3375,S,First,woman,False,B,Southampton,yes,False
1,3,female,13.0,0,0,7.2292,C,Third,child,False,,Cherbourg,yes,True
1,1,female,17.0,1,0,57.0,S,First,woman,False,B,Southampton,yes,False
0,1,male,29.0,0,0,30.0,S,First,man,True,D,Southampton,no,True
0,3,male,14.94702124414713,1,2,23.45,S,Third,man,True,,Southampton,no,False
0,3,male,25.0,0,0,7.05,S,Third,man,True,,Southampton,no,True
0,3,male,25.0,0,0,7.25,S,Third,man,True,,Southampton,no,True
1,3,female,18.0,0,0,7.4958,S,Third,woman,False,,Southampton,yes,True
0,3,male,8.0,4,1,29.125,Q,Third,child,False,,Queenstown,no,False
1,3,male,1.0,1,2,20.575,S,Third,child,False,,Southampton,yes,False
0,1,male,46.0,0,0,79.2,C,First,man,True,B,Cherbourg,no,True
0,3,male,54.89169286732573,0,0,7.75,Q,Third,man,True,,Queenstown,no,True
0,2,male,16.0,0,0,26.0,S,Second,man,True,,Southampton,no,True
0,3,female,9.988440215157453,8,2,69.55,S,Third,woman,False,,Southampton,no,False
0,1,male,51.557517702870896,0,0,30.6958,C,First,man,True,,Cherbourg,no,True
0,3,male,25.0,0,0,7.8958,S,Third,man,True,,Southampton,no,True
0,2,male,39.0,0,0,13.0,S,Second,man,True,,Southampton,no,True
1,1,female,49.0,0,0,25.9292,S,First,woman,False,D,Southampton,yes,True
1,3,female,31.0,0,0,8.6833,S,Third,woman,False,,Southampton,yes,True
0,3,male,30.0,0,0,7.2292,C,Third,man,True,,Cherbourg,no,True
0,3,female,30.0,1,1,24.15,S,Third,woman,False,,Southampton,no,False
0,2,male,34.0,0,0,13.0,S,Second,man,True,,Southampton,no,True
1,2,female,31.0,1,1,26.25,S,Second,woman,False,,Southampton,yes,False
1,1,male,11.0,1,2,120.0,S,First,child,False,B,Southampton,yes,False
1,3,male,0.42,0,1,8.5167,C,Third,child,False,,Cherbourg,yes,False
1,3,male,27.0,0,0,6.975,S,Third,man,True,,Southampton,yes,True
0,3,male,31.0,0,0,7.775,S,Third,man,True,,Southampton,no,True
0,1,male,39.0,0,0,0.0,S,First,man,True,A,Southampton,no,True
0,3,female,18.0,0,0,7.775,S,Third,woman,False,,Southampton,no,True
0,2,male,39.0,0,0,13.0,S,Second,man,True,,Southampton,no,True
1,1,female,33.0,1,0,53.1,S,First,woman,False,E,Southampton,yes,False
0,3,male,26.0,0,0,7.8875,S,Third,man,True,,Southampton,no,True
0,3,male,39.0,0,0,24.15,S,Third,man,True,,Southampton,no,True
0,2,male,35.0,0,0,10.5,S,Second,man,True,,Southampton,no,True
0,3,female,6.0,4,2,31.275,S,Third,child,False,,Southampton,no,False
0,3,male,30.5,0,0,8.05,S,Third,man,True,,Southampton,no,True
0,1,male,9.92054555380269,0,0,0.0,S,First,man,True,B,Southampton,no,True
0,3,female,23.0,0,0,7.925,S,Third,woman,False,,Southampton,no,True
0,2,male,31.0,1,1,37.0042,C,Second,man,True,,Cherbourg,no,False
0,3,male,43.0,0,0,6.45,S,Third,man,True,,Southampton,no,True
0,3,male,10.0,3,2,27.9,S,Third,child,False,,Southampton,no,False
1,1,female,52.0,1,1,93.5,S,First,woman,False,B,Southampton,yes,False
1,3,male,27.0,0,0,8.6625,S,Third,man,True,,Southampton,yes,True
0,1,male,38.0,0,0,0.0,S,First,man,True,,Southampton,no,True
1,3,female,27.0,0,1,12.475,S,Third,woman,False,E,Southampton,yes,False
0,3,male,2.0,4,1,39.6875,S,Third,child,False,,Southampton,no,False
0,3,male,15.487691132027749,0,0,6.95,Q,Third,man,True,,Queenstown,no,True
0,3,male,35.63107865265593,0,0,56.4958,S,Third,man,True,,Southampton,no,True
1,2,male,1.0,0,2,37.0042,C,Second,child,False,,Cherbourg,yes,False
1,3,male,29.775020572983266,0,0,7.75,Q,Third,man,True,,Queenstown,yes,True
1,1,female,62.0,0,0,80.0,,First,woman,False,B,,yes,True
1,3,female,15.0,1,0,14.4542,C,Third,child,False,,Cherbourg,yes,False
1,2,male,0.83,1,1,18.75,S,Second,child,False,,Southampton,yes,False
0,3,male,23.343261660516063,0,0,7.2292,C,Third,man,True,,Cherbourg,no,True
0,3,male,23.0,0,0,7.8542,S,Third,man,True,,Southampton,no,True
0,3,male,18.0,0,0,8.3,S,Third,man,True,,Southampton,no,True
1,1,female,39.0,1,1,83.1583,C,First,woman,False,E,Cherbourg,yes,False
0,3,male,21.0,0,0,8.6625,S,Third,man,True,,Southampton,no,True
0,3,male,54.07548093248444,0,0,8.05,S,Third,man,True,,Southampton,no,True
1,3,male,32.0,0,0,56.4958,S,Third,man,True,,Southampton,yes,True
1,1,male,12.303454204435056,0,0,29.7,C,First,man,True,C,Cherbourg,yes,True
0,3,male,20.0,0,0,7.925,S,Third,man,True,,Southampton,no,True
0,2,male,16.0,0,0,10.5,S,Second,man,True,,Southampton,no,True
1,1,female,30.0,0,0,31.0,C,First,woman,False,,Cherbourg,yes,True
0,3,male,34.5,0,0,6.4375,C,Third,man,True,,Cherbourg,no,True
0,3,male,17.0,0,0,8.6625,S,Third,man,True,,Southampton,no,True
0,3,male,42.0,0,0,7.55,S,Third,man,True,,Southampton,no,True
0,3,male,26.595597044259492,8,2,69.55,S,Third,man,True,,Southampton,no,False
0,3,male,35.0,0,0,7.8958,C,Third,man,True,,Cherbourg,no,True
0,2,male,28.0,0,1,33.0,S,Second,man,True,,Southampton,no,False
1,1,female,37.577835453675746,1,0,89.1042,C,First,woman,False,C,Cherbourg,yes,False
0,3,male,4.0,4,2,31.275,S,Third,child,False,,Southampton,no,False
0,3,male,74.0,0,0,7.775,S,Third,man,True,,Southampton,no,True
0,3,female,9.0,1,1,15.2458,C,Third,child,False,,Cherbourg,no,False
1,1,female,16.0,0,1,39.4,S,First,woman,False,D,Southampton,yes,False
0,2,female,44.0,1,0,26.0,S,Second,woman,False,,Southampton,no,False
1,3,female,18.0,0,1,9.35,S,Third,woman,False,,Southampton,yes,False
1,1,female,45.0,1,1,164.8667,S,First,woman,False,,Southampton,yes,False
1,1,male,51.0,0,0,26.55,S,First,man,True,E,Southampton,yes,True
1,3,female,24.0,0,3,19.2583,C,Third,woman,False,,Cherbourg,yes,False
0,3,male,32.89113251137928,0,0,7.2292,C,Third,man,True,,Cherbourg,no,True
0,3,male,41.0,2,0,14.1083,S,Third,man,True,,Southampton,no,False
0,2,male,21.0,1,0,11.5,S,Second,man,True,,Southampton,no,False
1,1,female,48.0,0,0,25.9292,S,First,woman,False,D,Southampton,yes,True
0,3,female,20.139164660325633,8,2,69.55,S,Third,woman,False,,Southampton,no,False
0,2,male,24.0,0,0,13.0,S,Second,man,True,,Southampton,no,True
1,2,female,42.0,0,0,13.0,S,Second,woman,False,,Southampton,yes,True
1,2,female,27.0,1,0,13.8583,C,Second,woman,False,,Cherbourg,yes,False
0,1,male,31.0,0,0,50.4958,S,First,man,True,A,Southampton,no,True
0,3,male,20.58295409342064,0,0,9.5,S,Third,man,True,,Southampton,no,True
1,3,male,4.0,1,1,11.1333,S,Third,child,False,,Southampton,yes,False
0,3,male,26.0,0,0,7.8958,S,Third,man,True,,Southampton,no,True
1,1,female,47.0,1,1,52.5542,S,First,woman,False,D,Southampton,yes,False
0,1,male,33.0,0,0,5.0,S,First,man,True,B,Southampton,no,True
0,3,male,47.0,0,0,9.0,S,Third,man,True,,Southampton,no,True
1,2,female,28.0,1,0,24.0,C,Second,woman,False,,Cherbourg,yes,False
1,3,female,15.0,0,0,7.225,C,Third,child,False,,Cherbourg,yes,True
0,3,male,20.0,0,0,9.8458,S,Third,man,True,,Southampton,no,True
0,3,male,19.0,0,0,7.8958,S,Third,man,True,,Southampton,no,True
0,3,male,41.70658055438611,0,0,7.8958,S,Third,man,True,,Southampton,no,True
1,1,female,56.0,0,1,83.1583,C,First,woman,False,C,Cherbourg,yes,False
1,2,female,25.0,0,1,26.0,S,Second,woman,False,,Southampton,yes,False
0,3,male,33.0,0,0,7.8958,S,Third,man,True,,Southampton,no,True
0,3,female,22.0,0,0,10.5167,S,Third,woman,False,,Southampton,no,True
0,2,male,28.0,0,0,10.5,S,Second,man,True,,Southampton,no,True
0,3,male,25.0,0,0,7.05,S,Third,man,True,,Southampton,no,True
0,3,female,39.0,0,5,29.125,Q,Third,woman,False,,Queenstown,no,False
0,2,male,27.0,0,0,13.0,S,Second,man,True,,Southampton,no,True
1,1,female,19.0,0,0,30.0,S,First,woman,False,B,Southampton,yes,True
0,3,female,42.511926413939264,1,2,23.45,S,Third,woman,False,,Southampton,no,False
1,1,male,26.0,0,0,30.0,C,First,man,True,C,Cherbourg,yes,True
0,3,male,32.0,0,0,7.75,Q,Third,man,True,,Queenstown,no,True
